Shipment_ID,Supplier,Distance,Lead_Time,Weather,Inventory,Transport_Cost,Delayed
1,SupplierD,509,14,Storm,124,7997,1
2,SupplierE,405,4,Cloudy,94,20376,0
3,SupplierC,373,12,Storm,309,11112,1
4,SupplierE,182,8,Cloudy,203,8287,0
5,SupplierE,937,2,Rain,204,13578,1
6,SupplierB,854,1,Cloudy,479,21624,1
7,SupplierC,889,3,Clear,412,20860,1
8,SupplierC,176,9,Cloudy,497,9426,1
9,SupplierC,155,4,Clear,283,14599,0
10,SupplierE,653,10,Cloudy,100,3389,1
11,SupplierD,848,5,Storm,355,3999,1
12,SupplierC,427,2,Rain,311,15812,1
13,SupplierE,954,4,Clear,364,18599,1
14,SupplierB,100,2,Cloudy,174,4855,0
15,SupplierD,78,2,Cloudy,448,11125,0
16,SupplierB,511,4,Cloudy,294,16794,0
17,SupplierD,345,6,Storm,79,5763,1
18,SupplierE,346,7,Storm,475,23047,1
19,SupplierA,775,10,Clear,171,7986,1
20,SupplierD,828,3,Clear,174,4481,1
21,SupplierB,456,3,Storm,86,6731,1
22,SupplierE,818,10,Clear,219,19835,1
23,SupplierD,863,6,Rain,173,22477,1
24,SupplierA,662,13,Rain,406,20266,1
25,SupplierA,454,12,Storm,84,23792,1
26,SupplierC,395,3,Clear,136,23452,0
27,SupplierC,671,13,Cloudy,183,13758,1
28,SupplierB,469,2,Rain,245,22661,1
29,SupplierD,231,8,Storm,323,19311,1
30,SupplierD,874,5,Clear,250,11566,1
31,SupplierC,50,1,Storm,418,14889,1
32,SupplierD,880,3,Cloudy,334,14254,1
33,SupplierD,999,10,Rain,126,24074,1
34,SupplierA,616,8,Storm,108,14442,1
35,SupplierC,420,4,Storm,480,16521,1
36,SupplierE,985,14,Storm,175,23979,1
37,SupplierC,960,7,Cloudy,450,7559,1
38,SupplierE,710,10,Storm,158,19199,1
39,SupplierA,480,12,Cloudy,273,10291,1
40,SupplierB,358,14,Cloudy,327,11160,1
41,SupplierD,186,14,Cloudy,117,3112,1
42,SupplierA,251,2,Rain,118,24515,1
43,SupplierD,485,7,Rain,214,22581,1
44,SupplierB,362,5,Storm,354,18924,1
45,SupplierB,166,5,Storm,446,19523,1
46,SupplierA,715,6,Rain,211,4424,1
47,SupplierB,986,13,Clear,414,22333,1
48,SupplierE,852,9,Rain,391,22552,1
49,SupplierB,624,14,Cloudy,358,13808,1
50,SupplierD,293,6,Rain,428,9043,1
51,SupplierD,586,12,Cloudy,392,9989,1
52,SupplierD,651,13,Storm,484,9261,1
53,SupplierD,124,14,Clear,436,3887,1
54,SupplierE,855,8,Storm,91,22488,1
55,SupplierC,435,7,Cloudy,403,19433,0
56,SupplierA,952,9,Cloudy,465,23335,1
57,SupplierD,259,4,Cloudy,158,22944,0
58,SupplierB,524,2,Clear,100,19402,0
59,SupplierD,467,7,Rain,299,24205,1
60,SupplierB,396,6,Storm,390,15253,1
61,SupplierB,578,1,Storm,479,21990,1
62,SupplierD,689,11,Rain,432,10846,1
63,SupplierE,988,9,Storm,70,9432,1
64,SupplierB,925,9,Clear,349,16452,1
65,SupplierB,812,12,Storm,188,16395,1
66,SupplierD,228,2,Cloudy,408,6765,0
67,SupplierB,231,3,Rain,373,21822,1
68,SupplierB,713,5,Clear,434,18950,1
69,SupplierD,74,5,Rain,141,15502,1
70,SupplierD,229,1,Clear,496,12741,0
71,SupplierA,759,8,Cloudy,329,8941,1
72,SupplierE,550,12,Rain,174,7855,1
73,SupplierE,905,8,Storm,446,18166,1
74,SupplierB,210,4,Clear,160,22145,0
75,SupplierE,226,13,Rain,403,23840,1
76,SupplierB,334,7,Storm,188,8788,1
77,SupplierA,112,11,Rain,484,3201,1
78,SupplierD,711,10,Rain,322,13561,1
79,SupplierD,715,3,Rain,148,19901,1
80,SupplierD,205,6,Clear,301,10737,0
81,SupplierE,931,14,Storm,387,4988,1
82,SupplierA,518,10,Cloudy,153,18441,1
83,SupplierE,98,13,Clear,263,14737,1
84,SupplierE,898,10,Clear,298,17256,1
85,SupplierA,133,12,Clear,201,23186,1
86,SupplierA,410,14,Cloudy,299,10162,1
87,SupplierA,738,9,Storm,324,16065,1
88,SupplierA,197,1,Storm,214,17114,1
89,SupplierD,679,5,Storm,390,11399,1
90,SupplierC,391,4,Rain,57,8633,1
91,SupplierC,525,8,Rain,333,8755,1
92,SupplierA,112,11,Rain,54,13825,1
93,SupplierC,750,12,Cloudy,194,7117,1
94,SupplierC,409,1,Rain,150,4518,1
95,SupplierA,610,9,Cloudy,213,19346,1
96,SupplierC,376,6,Storm,423,5600,1
97,SupplierE,818,4,Rain,196,16237,1
98,SupplierB,785,12,Rain,113,21579,1
99,SupplierB,190,9,Clear,140,6554,1
100,SupplierA,264,11,Cloudy,166,19193,1
101,SupplierD,484,5,Storm,403,22233,1
102,SupplierA,940,5,Clear,316,18253,1
103,SupplierD,772,12,Clear,359,19194,1
104,SupplierB,367,5,Storm,222,4742,1
105,SupplierA,81,1,Clear,96,4306,0
106,SupplierE,719,1,Cloudy,189,6849,1
107,SupplierC,334,8,Cloudy,295,15360,0
108,SupplierD,354,12,Rain,198,15768,1
109,SupplierC,478,8,Clear,295,16032,0
110,SupplierC,526,12,Rain,444,7195,1
111,SupplierA,335,6,Clear,54,24562,0
112,SupplierC,193,12,Cloudy,233,21939,1
113,SupplierE,473,11,Cloudy,69,21689,1
114,SupplierC,68,13,Cloudy,474,10619,1
115,SupplierA,67,4,Clear,95,12280,0
116,SupplierE,818,2,Cloudy,61,5642,1
117,SupplierB,639,14,Clear,119,12369,1
118,SupplierC,420,2,Rain,66,17296,1
119,SupplierA,224,9,Clear,420,18438,1
120,SupplierB,243,5,Rain,196,18674,1
121,SupplierB,551,4,Clear,203,7757,0
122,SupplierD,162,10,Rain,353,5994,1
123,SupplierE,163,13,Cloudy,157,18226,1
124,SupplierC,271,1,Rain,285,4271,1
125,SupplierA,727,7,Cloudy,357,4813,1
126,SupplierD,996,3,Cloudy,401,21845,1
127,SupplierE,880,6,Rain,119,23504,1
128,SupplierD,693,5,Clear,232,11475,1
129,SupplierE,946,5,Clear,299,7396,1
130,SupplierE,313,11,Storm,277,12283,1
131,SupplierC,974,5,Clear,151,16318,1
132,SupplierE,104,1,Storm,124,20200,1
133,SupplierD,920,1,Clear,466,3082,1
134,SupplierE,692,3,Clear,495,4920,1
135,SupplierC,849,14,Cloudy,265,10817,1
136,SupplierC,827,12,Storm,456,14683,1
137,SupplierD,507,10,Clear,448,14336,1
138,SupplierB,927,4,Storm,460,18596,1
139,SupplierB,211,5,Cloudy,252,5093,0
140,SupplierE,429,2,Cloudy,241,15905,0
141,SupplierA,136,8,Storm,298,11367,1
142,SupplierE,104,11,Cloudy,291,8285,1
143,SupplierD,525,11,Rain,228,13896,1
144,SupplierD,849,14,Rain,486,7937,1
145,SupplierD,227,2,Cloudy,268,19753,0
146,SupplierD,440,9,Rain,131,21202,1
147,SupplierD,398,2,Clear,141,21485,0
148,SupplierC,57,13,Storm,484,15977,1
149,SupplierB,882,9,Clear,224,22874,1
150,SupplierD,362,7,Storm,288,21163,1
151,SupplierA,808,8,Cloudy,309,10674,1
152,SupplierA,884,11,Clear,440,20748,1
153,SupplierA,492,2,Cloudy,414,6676,0
154,SupplierA,816,7,Cloudy,212,5426,1
155,SupplierC,377,12,Storm,97,5962,1
156,SupplierA,103,6,Storm,378,3859,1
157,SupplierD,810,4,Storm,377,15048,1
158,SupplierE,288,7,Clear,165,7138,0
159,SupplierA,278,14,Rain,478,5424,1
160,SupplierC,628,13,Storm,386,13409,1
161,SupplierC,100,4,Storm,386,7017,1
162,SupplierA,658,2,Clear,418,13451,1
163,SupplierE,653,10,Storm,274,13278,1
164,SupplierA,313,12,Clear,401,13996,1
165,SupplierC,467,7,Cloudy,377,4134,0
166,SupplierB,852,8,Storm,196,24550,1
167,SupplierD,145,2,Storm,112,8119,1
168,SupplierC,137,5,Cloudy,343,8694,0
169,SupplierA,127,1,Cloudy,372,24869,0
170,SupplierD,337,7,Cloudy,492,7164,0
171,SupplierA,169,8,Storm,374,21730,1
172,SupplierA,863,13,Rain,62,8039,1
173,SupplierB,540,6,Rain,480,24281,1
174,SupplierD,961,5,Rain,238,17631,1
175,SupplierD,501,6,Storm,336,13442,1
176,SupplierB,549,2,Cloudy,257,11252,0
177,SupplierC,214,1,Storm,163,24425,1
178,SupplierA,231,7,Cloudy,71,23285,0
179,SupplierE,518,7,Storm,398,20721,1
180,SupplierA,959,10,Storm,263,20568,1
181,SupplierA,784,11,Cloudy,220,23810,1
182,SupplierC,872,10,Rain,372,4551,1
183,SupplierA,993,14,Cloudy,103,15625,1
184,SupplierB,56,2,Clear,443,4629,0
185,SupplierB,379,2,Clear,347,20910,0
186,SupplierD,824,1,Cloudy,369,4361,1
187,SupplierE,722,10,Storm,175,7370,1
188,SupplierA,200,8,Clear,326,8283,0
189,SupplierA,134,8,Clear,253,10610,0
190,SupplierC,196,1,Storm,243,13558,1
191,SupplierB,673,12,Storm,218,17924,1
192,SupplierE,430,11,Rain,201,17839,1
193,SupplierD,964,8,Storm,84,14949,1
194,SupplierB,597,9,Cloudy,233,13626,1
195,SupplierD,334,14,Cloudy,335,4993,1
196,SupplierC,749,4,Rain,106,3869,1
197,SupplierC,131,1,Clear,271,4014,0
198,SupplierA,563,1,Clear,352,13103,0
199,SupplierE,946,3,Storm,212,19986,1
200,SupplierD,864,14,Cloudy,68,15013,1
201,SupplierB,758,5,Clear,419,3690,1
202,SupplierC,965,5,Rain,313,19873,1
203,SupplierA,572,9,Rain,331,13748,1
204,SupplierA,795,10,Cloudy,162,11024,1
205,SupplierD,435,14,Rain,376,19678,1
206,SupplierC,756,12,Rain,79,8488,1
207,SupplierE,520,2,Cloudy,184,23411,0
208,SupplierC,168,2,Storm,116,14035,1
209,SupplierD,445,6,Storm,114,22296,1
210,SupplierD,581,9,Rain,341,24128,1
211,SupplierC,310,1,Storm,74,21257,1
212,SupplierD,854,9,Storm,86,15855,1
213,SupplierC,983,9,Rain,50,22642,1
214,SupplierB,305,13,Storm,448,5817,1
215,SupplierC,783,9,Rain,86,23025,1
216,SupplierC,954,5,Clear,190,7458,1
217,SupplierD,275,13,Cloudy,281,8307,1
218,SupplierD,102,9,Cloudy,185,11933,1
219,SupplierA,989,11,Storm,438,21425,1
220,SupplierA,916,4,Storm,237,20063,1
221,SupplierB,549,2,Storm,177,13659,1
222,SupplierA,555,13,Cloudy,250,8738,1
223,SupplierC,903,6,Clear,176,8668,1
224,SupplierD,413,14,Clear,306,17427,1
225,SupplierA,329,4,Cloudy,213,10697,0
226,SupplierA,642,6,Clear,84,19446,1
227,SupplierB,763,3,Cloudy,243,10829,1
228,SupplierB,207,6,Clear,240,13751,0
229,SupplierC,681,2,Rain,153,16450,1
230,SupplierD,108,2,Rain,72,10352,1
231,SupplierB,776,13,Cloudy,314,16516,1
232,SupplierA,177,9,Clear,339,11326,1
233,SupplierD,785,7,Storm,479,6644,1
234,SupplierD,770,3,Clear,433,24354,1
235,SupplierA,931,13,Rain,309,11003,1
236,SupplierB,164,11,Rain,463,6278,1
237,SupplierA,258,1,Clear,407,10296,0
238,SupplierD,575,8,Clear,124,6074,0
239,SupplierE,570,14,Storm,404,16261,1
240,SupplierE,601,6,Storm,121,14173,1
241,SupplierC,286,7,Clear,308,11312,0
242,SupplierA,330,9,Clear,447,4637,1
243,SupplierA,408,5,Clear,237,16652,0
244,SupplierC,250,1,Clear,222,8103,0
245,SupplierC,807,12,Cloudy,339,20028,1
246,SupplierC,327,10,Clear,94,5032,1
247,SupplierD,284,7,Storm,110,5761,1
248,SupplierA,543,5,Rain,132,18195,1
249,SupplierD,53,3,Cloudy,172,21452,0
250,SupplierC,715,12,Clear,407,19625,1
251,SupplierA,491,13,Rain,65,5668,1
252,SupplierD,78,9,Cloudy,115,17638,1
253,SupplierD,158,1,Rain,473,18954,1
254,SupplierC,659,1,Clear,194,20186,1
255,SupplierA,776,1,Clear,424,24443,1
256,SupplierC,854,3,Storm,211,15356,1
257,SupplierA,124,12,Clear,283,3195,1
258,SupplierE,887,6,Clear,429,5187,1
259,SupplierB,195,10,Cloudy,193,14707,1
260,SupplierB,177,11,Storm,407,5330,1
261,SupplierB,902,3,Cloudy,237,24225,1
262,SupplierC,91,8,Rain,371,6606,1
263,SupplierE,405,14,Clear,499,3060,1
264,SupplierA,90,14,Rain,62,17387,1
265,SupplierD,983,10,Cloudy,233,6927,1
266,SupplierA,83,2,Clear,160,9296,0
267,SupplierD,66,14,Clear,464,16622,1
268,SupplierA,726,9,Cloudy,339,17125,1
269,SupplierE,202,3,Cloudy,344,5591,0
270,SupplierD,427,5,Cloudy,441,15127,0
271,SupplierC,637,10,Cloudy,264,18748,1
272,SupplierA,648,8,Cloudy,169,9121,1
273,SupplierA,678,2,Clear,431,4200,1
274,SupplierD,923,6,Cloudy,104,18721,1
275,SupplierC,391,12,Clear,76,22238,1
276,SupplierC,76,5,Clear,167,14087,0
277,SupplierE,874,13,Cloudy,270,9972,1
278,SupplierC,336,10,Cloudy,280,3136,1
279,SupplierC,695,9,Storm,102,20413,1
280,SupplierC,780,12,Clear,344,18346,1
281,SupplierB,217,5,Cloudy,370,21978,0
282,SupplierE,659,2,Cloudy,450,3661,1
283,SupplierA,317,5,Cloudy,282,5472,0
284,SupplierD,798,12,Storm,207,3086,1
285,SupplierA,870,4,Storm,486,13704,1
286,SupplierE,504,11,Rain,318,9219,1
287,SupplierD,955,7,Clear,70,19322,1
288,SupplierE,734,6,Rain,452,17749,1
289,SupplierC,450,14,Cloudy,102,9968,1
290,SupplierD,971,2,Storm,324,22157,1
291,SupplierC,525,12,Storm,362,16596,1
292,SupplierA,751,11,Rain,330,4700,1
293,SupplierA,683,11,Storm,263,5700,1
294,SupplierD,607,13,Cloudy,80,14821,1
295,SupplierD,625,5,Storm,386,21031,1
296,SupplierE,179,7,Rain,232,24548,1
297,SupplierE,871,11,Cloudy,72,8520,1
298,SupplierC,412,7,Rain,81,14510,1
299,SupplierD,754,5,Storm,495,6687,1
300,SupplierA,868,12,Rain,123,19980,1
301,SupplierE,742,9,Rain,59,23929,1
302,SupplierE,341,4,Clear,103,11837,0
303,SupplierA,420,11,Storm,101,17955,1
304,SupplierE,843,3,Storm,197,14281,1
305,SupplierC,78,4,Rain,209,16917,1
306,SupplierD,198,5,Clear,419,7757,0
307,SupplierA,828,13,Storm,63,16045,1
308,SupplierD,345,6,Cloudy,227,23768,0
309,SupplierE,60,3,Rain,461,11912,1
310,SupplierE,561,2,Storm,415,7733,1
311,SupplierA,725,14,Cloudy,102,10081,1
312,SupplierC,162,13,Storm,457,11690,1
313,SupplierB,236,4,Cloudy,384,24113,0
314,SupplierA,856,5,Rain,71,4673,1
315,SupplierB,793,4,Storm,79,17318,1
316,SupplierB,276,14,Storm,240,14171,1
317,SupplierC,359,11,Clear,309,16545,1
318,SupplierB,147,13,Rain,254,14803,1
319,SupplierB,104,12,Cloudy,108,5294,1
320,SupplierC,672,3,Storm,313,6630,1
321,SupplierB,713,8,Storm,61,18093,1
322,SupplierB,807,10,Cloudy,168,19530,1
323,SupplierB,455,4,Rain,464,17453,1
324,SupplierA,118,14,Clear,339,15174,1
325,SupplierA,361,2,Clear,387,6453,0
326,SupplierA,338,2,Storm,297,7507,1
327,SupplierC,811,1,Cloudy,403,13602,1
328,SupplierE,597,13,Storm,176,8628,1
329,SupplierB,800,4,Cloudy,124,11328,1
330,SupplierB,197,10,Clear,410,18534,1
331,SupplierC,516,9,Rain,253,22744,1
332,SupplierB,788,14,Cloudy,98,22389,1
333,SupplierA,293,11,Clear,128,6552,1
334,SupplierE,540,7,Storm,490,19402,1
335,SupplierD,898,12,Cloudy,290,5242,1
336,SupplierB,556,10,Rain,398,17665,1
337,SupplierA,414,7,Storm,203,8097,1
338,SupplierD,531,13,Storm,323,11640,1
339,SupplierE,250,7,Clear,145,4948,0
340,SupplierD,203,8,Cloudy,263,8618,0
341,SupplierA,499,1,Storm,343,7236,1
342,SupplierD,550,10,Rain,258,4920,1
343,SupplierC,122,13,Cloudy,392,14169,1
344,SupplierD,762,10,Rain,137,7188,1
345,SupplierB,345,8,Storm,355,15207,1
346,SupplierB,66,4,Rain,313,3238,1
347,SupplierC,690,4,Clear,474,3204,1
348,SupplierA,266,4,Rain,439,13799,1
349,SupplierB,110,6,Cloudy,374,8552,0
350,SupplierE,988,7,Rain,477,7927,1
351,SupplierB,665,6,Rain,426,14164,1
352,SupplierB,91,1,Clear,369,7390,0
353,SupplierA,74,12,Rain,206,22071,1
354,SupplierD,88,8,Rain,205,24335,1
355,SupplierB,852,13,Storm,188,18641,1
356,SupplierC,180,10,Storm,170,9160,1
357,SupplierD,547,11,Cloudy,114,24772,1
358,SupplierE,278,13,Storm,156,18810,1
359,SupplierA,157,7,Storm,196,8126,1
360,SupplierE,221,6,Storm,186,3816,1
361,SupplierD,484,6,Storm,460,16414,1
362,SupplierD,527,5,Clear,211,3192,0
363,SupplierD,151,6,Storm,477,21160,1
364,SupplierE,915,12,Clear,149,6645,1
365,SupplierD,573,9,Clear,387,15816,1
366,SupplierE,324,10,Storm,448,9314,1
367,SupplierD,662,9,Rain,356,21172,1
368,SupplierC,93,10,Clear,190,10374,1
369,SupplierD,866,8,Rain,132,6700,1
370,SupplierE,66,10,Rain,226,13655,1
371,SupplierB,379,9,Storm,247,18129,1
372,SupplierD,618,13,Cloudy,161,12359,1
373,SupplierB,872,10,Storm,105,6893,1
374,SupplierC,546,8,Cloudy,228,9811,0
375,SupplierA,864,8,Cloudy,470,12288,1
376,SupplierC,61,1,Storm,450,22063,1
377,SupplierD,367,10,Storm,235,23288,1
378,SupplierB,641,11,Cloudy,267,3504,1
379,SupplierB,265,5,Storm,462,12813,1
380,SupplierE,388,4,Cloudy,466,17671,0
381,SupplierB,825,2,Rain,365,13738,1
382,SupplierE,710,8,Storm,266,14186,1
383,SupplierA,130,3,Rain,169,9773,1
384,SupplierD,776,4,Clear,488,6816,1
385,SupplierE,534,12,Rain,443,3717,1
386,SupplierA,423,7,Rain,224,14676,1
387,SupplierB,759,10,Cloudy,72,7434,1
388,SupplierB,249,9,Rain,262,20042,1
389,SupplierA,586,2,Storm,454,8057,1
390,SupplierB,515,3,Cloudy,284,23392,0
391,SupplierA,138,4,Clear,62,7994,0
392,SupplierE,317,10,Storm,150,7234,1
393,SupplierE,704,1,Clear,466,6764,1
394,SupplierA,620,7,Rain,73,14181,1
395,SupplierE,971,2,Storm,413,7637,1
396,SupplierE,538,5,Storm,60,5104,1
397,SupplierE,926,1,Clear,322,12447,1
398,SupplierC,587,3,Storm,480,13674,1
399,SupplierD,96,12,Storm,330,21991,1
400,SupplierB,337,2,Storm,143,11385,1
401,SupplierC,827,1,Rain,250,14999,1
402,SupplierE,65,7,Clear,70,6719,0
403,SupplierA,760,5,Storm,389,5581,1
404,SupplierE,450,1,Cloudy,260,21949,0
405,SupplierD,968,6,Cloudy,189,5763,1
406,SupplierE,843,5,Cloudy,342,8991,1
407,SupplierA,135,3,Cloudy,347,13531,0
408,SupplierD,299,12,Rain,450,22790,1
409,SupplierE,440,7,Storm,150,14064,1
410,SupplierD,831,11,Clear,353,14312,1
411,SupplierB,384,10,Storm,408,7780,1
412,SupplierB,678,9,Rain,77,7177,1
413,SupplierE,568,14,Cloudy,90,18169,1
414,SupplierD,186,13,Rain,404,9476,1
415,SupplierA,932,13,Storm,352,21988,1
416,SupplierE,737,9,Clear,195,5382,1
417,SupplierB,889,14,Rain,305,19915,1
418,SupplierB,547,9,Clear,276,15508,1
419,SupplierE,876,2,Rain,285,3634,1
420,SupplierD,776,3,Clear,410,14996,1
421,SupplierB,526,7,Clear,429,17162,0
422,SupplierD,643,5,Cloudy,62,19386,1
423,SupplierB,272,2,Clear,259,17005,0
424,SupplierB,421,3,Cloudy,278,11397,0
425,SupplierC,984,10,Storm,446,15327,1
426,SupplierB,451,6,Storm,149,17394,1
427,SupplierA,492,13,Cloudy,80,5890,1
428,SupplierE,539,7,Cloudy,435,13858,0
429,SupplierE,664,9,Rain,65,11026,1
430,SupplierD,322,1,Rain,186,6306,1
431,SupplierB,575,11,Rain,378,3897,1
432,SupplierA,208,7,Storm,215,12277,1
433,SupplierD,201,8,Rain,359,12471,1
434,SupplierC,669,12,Clear,489,17896,1
435,SupplierD,237,14,Clear,149,18240,1
436,SupplierD,862,3,Rain,158,17683,1
437,SupplierB,147,4,Clear,392,3670,0
438,SupplierC,180,10,Storm,222,20889,1
439,SupplierD,854,6,Clear,286,14767,1
440,SupplierA,220,10,Storm,211,16006,1
441,SupplierA,985,7,Cloudy,442,24551,1
442,SupplierE,232,13,Cloudy,265,18768,1
443,SupplierC,413,14,Cloudy,313,24639,1
444,SupplierC,88,4,Cloudy,312,19633,0
445,SupplierE,576,8,Clear,341,4892,0
446,SupplierD,937,5,Rain,323,6439,1
447,SupplierC,546,1,Clear,52,5854,0
448,SupplierA,565,4,Storm,77,14577,1
449,SupplierA,398,3,Clear,375,14763,0
450,SupplierB,970,9,Clear,477,23176,1
451,SupplierC,446,8,Storm,198,14618,1
452,SupplierD,771,1,Cloudy,77,24714,1
453,SupplierE,210,11,Cloudy,359,11235,1
454,SupplierE,65,6,Cloudy,487,22996,0
455,SupplierD,542,9,Rain,114,5618,1
456,SupplierB,475,7,Storm,405,24062,1
457,SupplierE,157,4,Storm,70,6163,1
458,SupplierC,943,13,Clear,301,5942,1
459,SupplierB,499,1,Rain,284,4925,1
460,SupplierC,360,12,Cloudy,276,5972,1
461,SupplierA,788,2,Rain,62,14705,1
462,SupplierB,219,12,Storm,362,13640,1
463,SupplierE,595,5,Storm,98,13966,1
464,SupplierB,463,12,Clear,167,20374,1
465,SupplierB,300,11,Clear,103,14138,1
466,SupplierB,808,5,Storm,187,21196,1
467,SupplierB,830,8,Cloudy,102,18935,1
468,SupplierC,190,6,Cloudy,93,16145,0
469,SupplierA,323,8,Rain,352,3489,1
470,SupplierD,465,2,Storm,102,14748,1
471,SupplierB,657,3,Storm,123,23029,1
472,SupplierE,788,6,Cloudy,95,22275,1
473,SupplierB,940,12,Cloudy,62,6516,1
474,SupplierE,88,13,Storm,214,22724,1
475,SupplierC,863,10,Clear,151,9410,1
476,SupplierE,78,3,Storm,329,3053,1
477,SupplierD,526,6,Storm,307,21959,1
478,SupplierA,367,6,Cloudy,386,19999,0
479,SupplierE,294,2,Cloudy,405,8944,0
480,SupplierE,797,7,Clear,447,10404,1
481,SupplierA,746,12,Clear,187,3954,1
482,SupplierD,321,2,Rain,212,13625,1
483,SupplierB,489,6,Storm,458,4629,1
484,SupplierE,797,1,Cloudy,436,13973,1
485,SupplierA,288,3,Clear,160,9859,0
486,SupplierC,426,2,Rain,151,11841,1
487,SupplierA,315,7,Rain,66,13539,1
488,SupplierC,975,14,Cloudy,317,15682,1
489,SupplierD,970,4,Cloudy,231,6278,1
490,SupplierB,408,8,Rain,421,24839,1
491,SupplierA,389,6,Clear,73,23185,0
492,SupplierE,438,12,Rain,78,21945,1
493,SupplierD,626,10,Storm,220,9539,1
494,SupplierA,738,4,Storm,458,19754,1
495,SupplierE,52,5,Cloudy,277,3857,0
496,SupplierA,478,13,Clear,427,7886,1
497,SupplierC,191,13,Clear,237,15945,1
498,SupplierA,425,9,Storm,395,10485,1
499,SupplierA,719,7,Rain,279,16680,1
500,SupplierA,373,10,Cloudy,370,19767,1
501,SupplierD,195,14,Rain,389,17397,1
502,SupplierA,342,14,Rain,168,13744,1
503,SupplierE,714,9,Rain,205,7334,1
504,SupplierC,481,7,Clear,321,23674,0
505,SupplierC,754,12,Storm,224,22109,1
506,SupplierA,998,1,Clear,153,15226,1
507,SupplierD,634,12,Storm,141,16440,1
508,SupplierD,448,8,Cloudy,235,18020,0
509,SupplierE,866,4,Cloudy,332,7251,1
510,SupplierA,938,3,Rain,230,15180,1
511,SupplierC,393,14,Storm,219,19140,1
512,SupplierD,189,13,Storm,236,3922,1
513,SupplierA,236,7,Storm,224,22299,1
514,SupplierD,854,12,Rain,271,10957,1
515,SupplierD,110,3,Rain,282,22430,1
516,SupplierC,988,8,Cloudy,211,18796,1
517,SupplierB,429,6,Clear,470,4230,0
518,SupplierE,759,5,Storm,183,13627,1
519,SupplierE,856,4,Storm,440,13006,1
520,SupplierC,489,8,Clear,273,7933,0
521,SupplierD,368,8,Storm,202,17295,1
522,SupplierA,351,12,Rain,82,19377,1
523,SupplierD,393,1,Rain,104,23324,1
524,SupplierC,60,9,Storm,491,3203,1
525,SupplierE,111,14,Rain,56,19544,1
526,SupplierD,894,5,Rain,293,18899,1
527,SupplierE,275,4,Storm,362,6748,1
528,SupplierA,202,6,Cloudy,175,9718,0
529,SupplierE,760,6,Clear,61,21965,1
530,SupplierE,613,2,Rain,65,4093,1
531,SupplierB,821,8,Cloudy,257,18228,1
532,SupplierB,620,7,Rain,92,23884,1
533,SupplierB,633,1,Rain,422,19034,1
534,SupplierE,709,5,Clear,184,8710,1
535,SupplierC,910,12,Rain,277,12732,1
536,SupplierE,624,6,Clear,160,22259,1
537,SupplierC,359,4,Clear,356,6191,0
538,SupplierC,934,2,Clear,209,21221,1
539,SupplierB,292,13,Cloudy,380,3689,1
540,SupplierD,542,14,Storm,313,23143,1
541,SupplierA,415,4,Cloudy,274,5103,0
542,SupplierB,379,1,Storm,266,3365,1
543,SupplierB,156,7,Storm,94,17010,1
544,SupplierD,275,2,Clear,263,14767,0
545,SupplierA,874,13,Rain,108,19103,1
546,SupplierE,267,2,Clear,181,15742,0
547,SupplierE,986,9,Rain,153,15391,1
548,SupplierB,802,5,Storm,244,7172,1
549,SupplierA,555,2,Clear,462,18623,0
550,SupplierB,308,11,Rain,206,5378,1
551,SupplierC,937,9,Cloudy,147,20589,1
552,SupplierB,823,9,Rain,275,24372,1
553,SupplierB,566,1,Clear,461,15031,0
554,SupplierE,822,11,Cloudy,254,8669,1
555,SupplierE,103,3,Rain,128,5735,1
556,SupplierE,96,4,Rain,173,12867,1
557,SupplierC,776,14,Rain,477,11490,1
558,SupplierE,738,7,Rain,267,3956,1
559,SupplierA,570,10,Rain,53,12306,1
560,SupplierD,148,4,Cloudy,139,9623,0
561,SupplierA,69,2,Storm,153,17908,1
562,SupplierA,939,7,Cloudy,442,20858,1
563,SupplierE,802,6,Cloudy,168,7460,1
564,SupplierD,622,3,Cloudy,182,16986,1
565,SupplierD,940,6,Storm,361,15638,1
566,SupplierD,539,11,Clear,145,22212,1
567,SupplierC,468,6,Storm,483,5850,1
568,SupplierE,739,12,Cloudy,380,16299,1
569,SupplierD,899,5,Rain,192,13698,1
570,SupplierC,111,4,Rain,337,22348,1
571,SupplierB,194,10,Cloudy,77,7594,1
572,SupplierB,265,12,Rain,327,17282,1
573,SupplierC,52,1,Cloudy,282,19285,0
574,SupplierC,209,10,Rain,66,17334,1
575,SupplierE,788,6,Storm,108,9644,1
576,SupplierE,830,2,Clear,139,5850,1
577,SupplierB,169,13,Clear,248,17933,1
578,SupplierD,942,3,Storm,411,3165,1
579,SupplierB,138,14,Storm,490,13701,1
580,SupplierD,378,8,Cloudy,75,3919,0
581,SupplierD,629,10,Cloudy,74,11305,1
582,SupplierE,959,14,Cloudy,443,22888,1
583,SupplierA,406,14,Rain,350,20375,1
584,SupplierA,659,6,Cloudy,388,18715,1
585,SupplierC,316,3,Storm,316,6839,1
586,SupplierE,666,7,Clear,230,20642,1
587,SupplierD,372,4,Rain,409,14618,1
588,SupplierA,684,14,Cloudy,117,16519,1
589,SupplierD,590,9,Rain,400,24188,1
590,SupplierA,698,5,Rain,461,13776,1
591,SupplierA,244,3,Cloudy,370,3067,0
592,SupplierA,970,2,Rain,98,12788,1
593,SupplierE,787,11,Clear,224,8660,1
594,SupplierB,381,2,Storm,101,7478,1
595,SupplierD,219,3,Storm,151,11210,1
596,SupplierE,570,2,Clear,265,13922,0
597,SupplierE,512,14,Rain,487,6521,1
598,SupplierE,89,4,Cloudy,237,3572,0
599,SupplierE,586,2,Rain,106,10082,1
600,SupplierE,310,10,Clear,96,8395,1
601,SupplierC,444,9,Rain,208,18407,1
602,SupplierD,275,2,Storm,223,21642,1
603,SupplierE,173,9,Rain,291,14094,1
604,SupplierD,87,13,Clear,331,3650,1
605,SupplierC,377,6,Storm,290,8741,1
606,SupplierC,300,1,Rain,419,16281,1
607,SupplierD,950,4,Rain,54,9838,1
608,SupplierA,225,14,Storm,133,21971,1
609,SupplierB,651,1,Cloudy,357,6262,1
610,SupplierA,963,14,Storm,410,20722,1
611,SupplierA,503,6,Cloudy,297,7996,0
612,SupplierA,86,14,Clear,103,14826,1
613,SupplierE,365,13,Clear,210,5827,1
614,SupplierC,737,4,Storm,483,17211,1
615,SupplierA,845,3,Storm,471,8232,1
616,SupplierC,642,3,Clear,460,5217,1
617,SupplierD,163,9,Cloudy,275,22923,1
618,SupplierB,89,6,Clear,64,17232,0
619,SupplierD,350,9,Storm,273,17026,1
620,SupplierD,273,13,Clear,110,23767,1
621,SupplierE,367,5,Storm,171,22345,1
622,SupplierB,398,2,Storm,326,22610,1
623,SupplierD,164,8,Clear,95,16878,0
624,SupplierD,747,5,Cloudy,439,9837,1
625,SupplierB,372,2,Rain,343,10031,1
626,SupplierB,617,4,Clear,111,17806,1
627,SupplierD,89,9,Rain,135,6716,1
628,SupplierB,915,4,Clear,495,6414,1
629,SupplierD,89,13,Rain,259,20832,1
630,SupplierD,908,12,Cloudy,127,3570,1
631,SupplierE,798,12,Cloudy,251,22288,1
632,SupplierA,338,12,Clear,351,16288,1
633,SupplierD,311,13,Storm,446,21889,1
634,SupplierC,265,14,Rain,272,3917,1
635,SupplierA,196,4,Storm,271,13066,1
636,SupplierA,385,2,Storm,52,9982,1
637,SupplierA,217,13,Storm,55,9336,1
638,SupplierE,141,12,Cloudy,142,21062,1
639,SupplierD,402,6,Clear,57,19999,0
640,SupplierE,620,13,Clear,477,12941,1
641,SupplierD,620,11,Cloudy,284,15380,1
642,SupplierE,865,14,Cloudy,157,24133,1
643,SupplierE,730,2,Clear,210,22889,1
644,SupplierC,830,12,Storm,258,14667,1
645,SupplierE,412,7,Rain,289,7529,1
646,SupplierB,606,3,Rain,380,20519,1
647,SupplierC,394,3,Rain,382,15192,1
648,SupplierE,742,5,Storm,99,11566,1
649,SupplierA,219,3,Clear,60,10226,0
650,SupplierB,405,2,Cloudy,400,8162,0
651,SupplierB,240,10,Clear,205,19590,1
652,SupplierB,716,9,Storm,119,24259,1
653,SupplierC,471,2,Cloudy,218,4319,0
654,SupplierE,749,14,Storm,321,4141,1
655,SupplierE,56,11,Rain,117,7627,1
656,SupplierA,182,2,Rain,404,17501,1
657,SupplierA,796,13,Storm,301,5690,1
658,SupplierB,606,8,Cloudy,97,10323,1
659,SupplierA,875,9,Cloudy,233,6255,1
660,SupplierC,810,7,Clear,369,8213,1
661,SupplierE,80,3,Rain,236,7108,1
662,SupplierB,584,9,Clear,139,22404,1
663,SupplierA,475,3,Clear,495,21241,0
664,SupplierC,443,5,Storm,381,22173,1
665,SupplierC,721,9,Storm,188,23259,1
666,SupplierA,412,12,Clear,406,12802,1
667,SupplierE,486,14,Rain,138,23266,1
668,SupplierA,719,14,Storm,323,14413,1
669,SupplierB,600,3,Clear,68,17995,0
670,SupplierA,976,7,Clear,360,15583,1
671,SupplierC,131,12,Clear,407,8021,1
672,SupplierA,405,1,Clear,423,24119,0
673,SupplierE,307,4,Clear,203,21771,0
674,SupplierD,767,4,Clear,439,9582,1
675,SupplierA,638,7,Storm,309,16455,1
676,SupplierE,573,8,Rain,157,16117,1
677,SupplierE,344,1,Clear,420,21950,0
678,SupplierC,273,5,Cloudy,334,20359,0
679,SupplierE,574,7,Storm,108,4262,1
680,SupplierE,95,12,Storm,174,24431,1
681,SupplierE,716,4,Clear,403,10382,1
682,SupplierE,162,13,Storm,322,6327,1
683,SupplierB,282,4,Clear,156,21643,0
684,SupplierB,66,4,Rain,348,13020,1
685,SupplierC,409,12,Rain,294,20641,1
686,SupplierA,272,6,Storm,385,19848,1
687,SupplierE,915,7,Storm,499,17062,1
688,SupplierA,749,2,Cloudy,467,22678,1
689,SupplierA,497,5,Storm,296,9774,1
690,SupplierC,905,4,Cloudy,57,18160,1
691,SupplierE,414,14,Rain,190,4230,1
692,SupplierE,724,13,Rain,411,12076,1
693,SupplierD,375,3,Clear,57,6805,0
694,SupplierA,516,7,Rain,401,17715,1
695,SupplierA,463,11,Cloudy,143,8750,1
696,SupplierB,504,12,Storm,370,18627,1
697,SupplierD,635,6,Clear,476,16232,1
698,SupplierB,282,14,Cloudy,88,23240,1
699,SupplierB,273,7,Storm,130,6135,1
700,SupplierB,880,5,Clear,236,9953,1
701,SupplierC,461,13,Rain,133,23973,1
702,SupplierC,621,6,Cloudy,137,4546,1
703,SupplierB,384,5,Storm,291,18457,1
704,SupplierD,271,14,Clear,391,20478,1
705,SupplierA,86,7,Clear,142,5411,0
706,SupplierD,327,2,Rain,135,22001,1
707,SupplierE,245,14,Storm,93,17113,1
708,SupplierC,965,11,Rain,186,7145,1
709,SupplierA,913,5,Rain,470,5775,1
710,SupplierA,533,6,Storm,123,16193,1
711,SupplierE,291,6,Storm,85,15851,1
712,SupplierE,373,5,Storm,150,16070,1
713,SupplierB,780,10,Cloudy,205,22539,1
714,SupplierC,241,7,Storm,475,6970,1
715,SupplierC,66,10,Clear,304,17119,1
716,SupplierD,573,8,Rain,220,24799,1
717,SupplierB,967,7,Cloudy,265,7331,1
718,SupplierB,450,5,Storm,219,13295,1
719,SupplierB,955,1,Cloudy,301,4942,1
720,SupplierB,935,13,Storm,409,19575,1
721,SupplierC,754,5,Cloudy,371,16404,1
722,SupplierC,71,10,Rain,104,3861,1
723,SupplierB,523,2,Rain,481,12275,1
724,SupplierD,169,13,Clear,140,20033,1
725,SupplierA,259,5,Clear,327,7134,0
726,SupplierA,355,5,Storm,150,14803,1
727,SupplierD,319,2,Rain,204,18408,1
728,SupplierB,753,5,Cloudy,426,20420,1
729,SupplierC,736,13,Cloudy,398,19351,1
730,SupplierA,334,4,Cloudy,413,7131,0
731,SupplierE,765,1,Clear,190,21532,1
732,SupplierE,725,3,Cloudy,222,15057,1
733,SupplierD,812,1,Clear,59,14349,1
734,SupplierB,276,12,Clear,277,14486,1
735,SupplierA,997,11,Storm,314,8457,1
736,SupplierB,430,5,Cloudy,487,9079,0
737,SupplierA,509,4,Cloudy,297,15453,0
738,SupplierD,56,7,Rain,296,21814,1
739,SupplierD,78,5,Storm,204,21263,1
740,SupplierE,956,10,Rain,83,15158,1
741,SupplierB,82,14,Storm,178,18735,1
742,SupplierE,695,4,Cloudy,209,18830,1
743,SupplierB,928,2,Clear,138,18125,1
744,SupplierE,128,4,Clear,142,14905,0
745,SupplierC,977,12,Clear,376,15298,1
746,SupplierC,996,2,Clear,290,5011,1
747,SupplierC,508,8,Clear,372,6373,0
748,SupplierC,619,3,Rain,453,13335,1
749,SupplierA,587,9,Storm,166,13692,1
750,SupplierC,531,13,Cloudy,143,17527,1
751,SupplierD,479,4,Rain,212,15773,1
752,SupplierD,787,13,Storm,148,4289,1
753,SupplierA,334,6,Clear,162,4447,0
754,SupplierC,565,10,Storm,408,22583,1
755,SupplierC,148,5,Storm,140,22567,1
756,SupplierC,446,10,Clear,395,17139,1
757,SupplierE,538,13,Clear,255,16757,1
758,SupplierB,88,1,Clear,66,8462,0
759,SupplierE,320,9,Cloudy,323,22600,1
760,SupplierB,936,1,Clear,222,22520,1
761,SupplierC,846,8,Cloudy,165,22702,1
762,SupplierC,206,9,Clear,398,22166,1
763,SupplierE,124,9,Cloudy,230,10657,1
764,SupplierE,933,1,Storm,140,7920,1
765,SupplierB,849,2,Rain,131,13345,1
766,SupplierD,179,12,Storm,373,11417,1
767,SupplierB,736,13,Storm,498,20160,1
768,SupplierE,133,1,Clear,163,8208,0
769,SupplierE,71,10,Cloudy,306,3687,1
770,SupplierA,508,2,Rain,107,19913,1
771,SupplierE,588,10,Clear,203,24451,1
772,SupplierA,756,12,Clear,414,16223,1
773,SupplierD,898,8,Clear,453,11080,1
774,SupplierB,431,5,Storm,165,24902,1
775,SupplierB,797,12,Cloudy,392,21537,1
776,SupplierA,489,11,Cloudy,315,12486,1
777,SupplierB,653,7,Rain,364,9094,1
778,SupplierE,70,2,Cloudy,252,24158,0
779,SupplierC,352,8,Cloudy,90,10692,0
780,SupplierA,918,11,Clear,154,14088,1
781,SupplierB,133,6,Clear,438,6103,0
782,SupplierA,823,8,Storm,427,5440,1
783,SupplierA,708,1,Clear,242,23519,1
784,SupplierC,502,1,Clear,450,10124,0
785,SupplierE,436,12,Clear,327,24585,1
786,SupplierA,556,7,Clear,403,20228,0
787,SupplierB,306,8,Storm,286,17031,1
788,SupplierD,619,13,Clear,474,17536,1
789,SupplierA,941,3,Rain,270,3446,1
790,SupplierA,983,5,Rain,117,6915,1
791,SupplierC,576,12,Rain,246,18787,1
792,SupplierE,211,1,Rain,305,22493,1
793,SupplierD,212,7,Clear,188,20618,0
794,SupplierB,881,5,Rain,361,9587,1
795,SupplierD,842,8,Clear,484,3226,1
796,SupplierB,841,13,Storm,198,23527,1
797,SupplierE,573,8,Rain,148,14151,1
798,SupplierB,835,9,Cloudy,125,8558,1
799,SupplierC,320,7,Rain,331,14971,1
800,SupplierC,541,11,Rain,420,3186,1
801,SupplierC,257,1,Clear,452,17680,0
802,SupplierC,588,13,Rain,158,17559,1
803,SupplierD,633,3,Cloudy,237,14069,1
804,SupplierE,109,8,Clear,248,5535,0
805,SupplierB,479,3,Clear,352,4932,0
806,SupplierB,706,8,Storm,376,5032,1
807,SupplierC,654,1,Storm,203,4252,1
808,SupplierC,358,5,Rain,89,8509,1
809,SupplierA,569,4,Storm,182,8074,1
810,SupplierE,640,5,Storm,454,16900,1
811,SupplierD,76,8,Storm,181,17523,1
812,SupplierB,735,10,Clear,328,4881,1
813,SupplierA,611,14,Clear,411,3269,1
814,SupplierA,248,4,Clear,133,4630,0
815,SupplierB,436,11,Storm,448,23789,1
816,SupplierD,398,4,Clear,291,20958,0
817,SupplierA,989,3,Storm,165,16383,1
818,SupplierA,742,7,Clear,158,19152,1
819,SupplierE,585,3,Clear,270,14084,0
820,SupplierD,877,12,Cloudy,441,4695,1
821,SupplierA,427,3,Rain,90,22642,1
822,SupplierD,948,11,Storm,417,17821,1
823,SupplierB,965,10,Cloudy,196,6262,1
824,SupplierC,607,5,Clear,161,4445,1
825,SupplierA,576,5,Storm,152,19436,1
826,SupplierE,202,14,Clear,95,12949,1
827,SupplierB,783,6,Rain,461,24954,1
828,SupplierD,255,8,Cloudy,373,21050,0
829,SupplierB,504,10,Rain,427,9901,1
830,SupplierA,322,6,Cloudy,320,22169,0
831,SupplierD,943,12,Clear,470,3719,1
832,SupplierC,285,1,Rain,434,11597,1
833,SupplierB,901,8,Rain,244,9855,1
834,SupplierA,789,8,Clear,416,21678,1
835,SupplierE,570,9,Rain,329,11263,1
836,SupplierD,727,9,Storm,332,17520,1
837,SupplierB,993,2,Cloudy,89,14874,1
838,SupplierB,880,2,Cloudy,496,23866,1
839,SupplierC,775,3,Cloudy,238,17079,1
840,SupplierC,550,1,Storm,213,20082,1
841,SupplierE,166,4,Cloudy,73,10243,0
842,SupplierE,435,14,Clear,73,12018,1
843,SupplierA,393,4,Rain,53,19732,1
844,SupplierA,633,14,Storm,372,24758,1
845,SupplierE,444,9,Cloudy,339,15100,1
846,SupplierE,113,9,Clear,490,19691,1
847,SupplierD,766,9,Rain,482,22800,1
848,SupplierC,770,10,Rain,230,7820,1
849,SupplierA,121,7,Storm,297,14001,1
850,SupplierC,838,14,Storm,165,16907,1
851,SupplierC,323,2,Storm,328,22942,1
852,SupplierE,369,10,Clear,414,23862,1
853,SupplierD,387,5,Clear,118,14669,0
854,SupplierB,415,4,Storm,400,24004,1
855,SupplierD,544,12,Cloudy,303,18916,1
856,SupplierD,656,11,Rain,230,13878,1
857,SupplierC,215,8,Rain,367,5985,1
858,SupplierD,593,2,Clear,218,11112,0
859,SupplierA,60,6,Rain,362,11467,1
860,SupplierC,350,13,Cloudy,298,21931,1
861,SupplierA,778,5,Rain,237,3336,1
862,SupplierB,850,12,Clear,103,13165,1
863,SupplierC,151,2,Clear,375,22363,0
864,SupplierB,474,11,Cloudy,406,15768,1
865,SupplierC,441,10,Cloudy,362,6968,1
866,SupplierE,828,1,Rain,187,3910,1
867,SupplierD,263,8,Rain,217,21380,1
868,SupplierE,740,2,Clear,440,18632,1
869,SupplierB,137,7,Cloudy,152,19279,0
870,SupplierD,602,9,Cloudy,471,6129,1
871,SupplierC,450,9,Cloudy,134,8447,1
872,SupplierD,637,8,Rain,366,9129,1
873,SupplierA,938,11,Cloudy,261,8850,1
874,SupplierD,95,14,Clear,52,23588,1
875,SupplierA,721,12,Clear,433,10446,1
876,SupplierD,512,10,Rain,228,14949,1
877,SupplierA,641,9,Storm,391,11519,1
878,SupplierB,359,2,Rain,352,3314,1
879,SupplierE,135,6,Storm,381,14737,1
880,SupplierC,141,4,Cloudy,87,4134,0
881,SupplierD,709,14,Rain,469,13938,1
882,SupplierE,722,4,Clear,288,24260,1
883,SupplierC,763,5,Cloudy,218,18588,1
884,SupplierC,985,12,Clear,446,11347,1
885,SupplierA,977,3,Cloudy,392,8592,1
886,SupplierB,291,14,Rain,363,21108,1
887,SupplierB,914,1,Storm,355,22727,1
888,SupplierE,51,8,Cloudy,79,20270,0
889,SupplierB,274,5,Storm,239,13997,1
890,SupplierD,850,3,Cloudy,406,3721,1
891,SupplierB,794,10,Clear,74,12104,1
892,SupplierE,975,14,Clear,161,22741,1
893,SupplierB,978,7,Cloudy,460,3870,1
894,SupplierD,638,7,Storm,484,9751,1
895,SupplierA,165,1,Rain,255,19881,1
896,SupplierE,715,12,Rain,234,4756,1
897,SupplierA,967,9,Clear,431,4117,1
898,SupplierA,152,2,Rain,428,14601,1
899,SupplierA,243,5,Clear,96,5828,0
900,SupplierC,215,13,Rain,423,17996,1
901,SupplierC,920,14,Cloudy,277,21031,1
902,SupplierA,139,5,Clear,88,16878,0
903,SupplierE,735,14,Clear,65,9992,1
904,SupplierD,171,8,Cloudy,71,16778,0
905,SupplierD,192,14,Clear,262,9771,1
906,SupplierB,155,8,Rain,359,19526,1
907,SupplierE,936,14,Rain,198,22145,1
908,SupplierC,477,7,Clear,290,6435,0
909,SupplierA,354,7,Rain,321,9622,1
910,SupplierB,921,12,Storm,108,15852,1
911,SupplierD,366,11,Clear,336,17806,1
912,SupplierC,684,6,Cloudy,475,13623,1
913,SupplierC,951,6,Storm,251,23896,1
914,SupplierA,58,11,Clear,81,4848,1
915,SupplierD,823,9,Cloudy,492,5696,1
916,SupplierE,122,6,Rain,211,4717,1
917,SupplierC,408,12,Cloudy,304,22456,1
918,SupplierA,272,13,Storm,303,12259,1
919,SupplierE,465,13,Rain,58,5786,1
920,SupplierD,602,2,Clear,188,17154,1
921,SupplierC,419,2,Rain,59,16409,1
922,SupplierE,765,13,Clear,263,6791,1
923,SupplierE,313,5,Clear,322,6871,0
924,SupplierE,889,4,Cloudy,373,4806,1
925,SupplierC,739,11,Cloudy,97,20888,1
926,SupplierC,909,2,Cloudy,485,22692,1
927,SupplierB,367,3,Storm,160,16304,1
928,SupplierD,133,7,Storm,202,24432,1
929,SupplierA,367,8,Cloudy,172,21074,0
930,SupplierE,160,12,Storm,454,18549,1
931,SupplierB,300,13,Rain,406,6303,1
932,SupplierA,432,6,Rain,151,22497,1
933,SupplierB,56,11,Storm,290,19061,1
934,SupplierC,508,5,Storm,370,18198,1
935,SupplierE,133,13,Rain,240,20888,1
936,SupplierA,257,1,Clear,266,13655,0
937,SupplierA,949,8,Rain,100,11924,1
938,SupplierA,439,3,Rain,341,12940,1
939,SupplierA,363,6,Storm,130,6924,1
940,SupplierA,71,3,Rain,432,12783,1
941,SupplierB,459,7,Storm,137,7485,1
942,SupplierE,944,13,Storm,243,15629,1
943,SupplierC,564,14,Cloudy,153,16233,1
944,SupplierC,176,7,Rain,320,15901,1
945,SupplierC,858,12,Clear,145,3191,1
946,SupplierC,749,9,Cloudy,472,7917,1
947,SupplierB,923,5,Storm,428,8831,1
948,SupplierD,63,8,Storm,247,13160,1
949,SupplierE,61,10,Clear,50,23706,1
950,SupplierA,136,10,Storm,456,16682,1
951,SupplierD,573,8,Rain,427,15391,1
952,SupplierC,958,1,Cloudy,216,4874,1
953,SupplierD,586,12,Storm,175,12062,1
954,SupplierE,350,5,Storm,362,7763,1
955,SupplierA,292,3,Clear,130,13234,0
956,SupplierA,171,1,Rain,467,12221,1
957,SupplierE,196,4,Storm,300,14410,1
958,SupplierE,616,8,Clear,218,17519,1
959,SupplierC,799,3,Storm,122,4051,1
960,SupplierA,405,10,Clear,190,15225,1
961,SupplierD,734,2,Clear,119,12765,1
962,SupplierB,953,11,Rain,311,14382,1
963,SupplierB,782,9,Storm,389,15580,1
964,SupplierE,680,10,Rain,357,14989,1
965,SupplierC,358,5,Clear,294,14939,0
966,SupplierB,744,14,Cloudy,52,21489,1
967,SupplierA,337,7,Storm,386,3307,1
968,SupplierE,356,11,Cloudy,112,6359,1
969,SupplierD,861,11,Storm,98,6176,1
970,SupplierE,643,2,Rain,125,4251,1
971,SupplierD,963,9,Rain,417,8366,1
972,SupplierE,772,13,Rain,224,20901,1
973,SupplierE,711,9,Rain,158,9226,1
974,SupplierE,598,4,Rain,232,24689,1
975,SupplierD,401,4,Cloudy,241,17330,0
976,SupplierD,361,6,Rain,114,7891,1
977,SupplierE,922,10,Clear,386,7992,1
978,SupplierB,108,10,Clear,320,4961,1
979,SupplierC,692,10,Cloudy,149,15497,1
980,SupplierC,973,6,Storm,81,22247,1
981,SupplierC,763,12,Clear,401,13848,1
982,SupplierD,804,1,Storm,177,16255,1
983,SupplierD,84,14,Cloudy,451,7567,1
984,SupplierB,494,14,Storm,418,19079,1
985,SupplierC,142,9,Storm,388,9513,1
986,SupplierC,999,2,Storm,92,18235,1
987,SupplierE,256,5,Storm,421,23389,1
988,SupplierD,402,9,Cloudy,468,14755,1
989,SupplierC,952,4,Clear,127,14151,1
990,SupplierB,381,11,Rain,363,19567,1
991,SupplierB,866,3,Storm,338,6358,1
992,SupplierC,911,7,Clear,319,12590,1
993,SupplierD,774,6,Clear,211,13988,1
994,SupplierB,208,8,Cloudy,238,10678,0
995,SupplierE,73,3,Clear,296,8698,0
996,SupplierB,453,5,Cloudy,437,4273,0
997,SupplierA,854,10,Storm,265,14241,1
998,SupplierA,565,4,Storm,364,20480,1
999,SupplierD,781,13,Rain,462,12497,1
1000,SupplierC,413,4,Rain,388,12107,1
